0,0,0.20000000000000001,0,0,0.20000000000000001,0,0,0,0,0,0,0,0,0,0,0,0,0,0.20000000000000001,0,0.20000000000000001,0,0,0,0,0,0,0,0,0,0,0,0,0,0.20000000000000001,0,0,0,0,0,0,0,0,0,0,0,0,0,0,0,0,0,0,0,0,0,0,0,0,0,0,0,0
0.014931202693085019,0.023188790744775541,0.33749087643653569,0.116044784180922,0.0065358719150332917,0.13059167891947643,0.01530698578360604,0.023483028350422739,1.5021330677147906e-05,2.3305317331432705e-05,0.00033918681048898056,0.00011651082749088554,6.553618677744869e-06,0.00013111614349345022,1.5021330677147906e-05,2.3305317331432705e-05,0.0035752057633965002,0.025267529828744487,0.029359368127766693,0.36209313968206336,0.0016698625634350866,0.13214562694223814,0.0036131636201738558,0.025813948653729418,3.5780748067531181e-06,2.5345606939169732e-05,2.9136728230198508e-05,0.00036318268774529928,1.6699889003587768e-06,0.00013254325671237528,3.5797447956534696e-06,2.534560860915863e-05,1.5021330677147906e-05,0.015056653750976793,0.022312256957255965,0.33768986643021909,6.553618677744869e-06,0.0067153884283498921,3.7082646085548494e-05,0.015432136127411792,0,1.5093723326953173e-05,2.2061315408400587e-05,0.00033870598438336921,0,6.5889453977226571e-06,0,1.5093723326953173e-05,3.5637625075261058e-06,0.0036659665601408019,5.1048016848265631e-05,0.030144823776966943,1.6685462742400332e-06,0.0018215563512511057,3.6254604947507341e-06,0.0037045101341914065,3.5780748067531184e-09,3.6769975527991999e-06,5.1201621713405849e-08,2.9498203312288342e-05,1.6735669751655299e-09,1.6821096974160656e-06,3.5797447956534696e-09,3.6677349574679668e-06
0.011272517683496488,0.015324510012823958,0.41633198083481482,0.2018529026890547,0.0037123670832842483,0.00060400395039868215,0.02696120704610112,0.038635791577605001,1.6756052430997627e-05,2.7695703344365481e-05,0.00089207152982292168,0.00058809260185558622,5.4881289836232805e-06,6.9120883872250349e-05,3.2305051289126175e-05,8.1703672530269376e-05,0.0022243261057017715,0.013349085158535317,0.04494192328101651,0.0099241518633807705,0.00082810257359045068,0.0003752651328453987,0.0060012735573437958,0.032597619569702141,1.288854503586635e-05,4.1934875603012854e-05,0.00011991513656365002,0.00048235217125493538,1.0196010946827597e-06,8.1902355725174675e-05,2.8720580712862582e-05,5.9953488938189998e-05,0.00094943188650997571,0.01101982938591743,0.056197614052802554,0.34797505530544753,0.00012243413888267735,0.0033917838501003133,0.0021214008698470866,0.025570817711464355,1.5579131399512786e-06,1.9426814773720467e-05,0.00010056338274812525,0.00088935014742332226,1.5729545343414439e-07,5.2028039803278128e-06,2.2733719062007778e-06,3.3493498709456611e-05,0.00011415817011009439,0.0023349103975236814,0.0033408995716164664,0.043655776568025016,1.949207182848259e-05,0.0010729411794182893,0.00034260069668309482,0.0063823133311209125,4.6342993262112749e-07,4.6993104549732706e-06,1.1256145201756306e-05,0.00014451834030452393,7.0797136580471175e-08,1.5788099498275192e-06,6.1579461372358852e-07,4.1205154408008802e-05
0.0066408709149480541,0.010386687623311207,0.13272086826719931,0.30912299435392682,0.0021723922910756085,0.00086699522113866886,0.038585509305867446,0.064922748320799861,1.0198300584474199e-05,3.110515902830697e-05,0.0013397065644060171,0.0013337403026461817,2.1868438542765885e-06,3.0301918128712963e-05,0.00010646180350642502,0.00022331152878133189,0.0015593146508363935,0.0068443156552107009,0.061249133848001389,0.030713361679759923,0.00048490515379314661,0.00041522548715217355,0.010120146911942995,0.042774095762433482,4.1527658752223778e-06,4.5629814675331271e-05,0.00027069021660571386,0.00053832317773037995,8.6313482456878035e-07,4.8697236473458028e-05,0.00010223786882950219,0.00012238837343277493,0.0013383184945272625,0.0088369782772184449,0.097725765981467649,0.45590247456343569,0.00017643897054995589,0.001907979983852476,0.006856469715255783,0.047711442687470809,3.5386863005482687e-06,2.3332335410568334e-05,0.00030011193740428238,0.0018991016699846581,1.7580394133538368e-07,7.4596850295372422e-06,2.8111709147637465e-05,0.00014772621952929114,0.00023563897951560647,0.0017803203511244248,0.010502032302867611,0.068486877733138066,3.0427057774229989e-05,0.00058504059158089841,0.001285629242635148,0.012514346885596108,8.9188177249999533e-07,1.4305397683815506e-05,4.1327193795995879e-05,0.0003066243551289374,3.0659526712921505e-08,3.1466543471866657e-06,4.0788512086109141e-06,9.4347377742371518e-05
0.0031713243741158686,0.0072538867915541948,0.010552170073232434,0.2890112374332407,5.4085066565304343e-05,0.00046023955248746689,0.0021396804287479709,0.096217736974116397,1.065807391009431e-05,3.0748656352297048e-05,0.0020018362318607839,0.0027114813750257105,1.9875708503040079e-06,2.2275737738493355e-05,0.00022145335121313446,0.00037893989232098496,0.0011022269852862553,0.0038609035139901891,0.0803861040701353,0.069434194491016121,0.0002875892942286197,0.00036710188341275467,0.014757249473177523,0.060585918345775813,1.001353317465004e-05,1.4922483833003742e-05,0.00044457315502610803,0.00088618060609534771,1.4655183070242268e-06,8.9383235987153116e-06,0.00010710255947732989,0.00024371023351923738,0.00084270076207795645,0.00724694567847688,0.0090585405857863642,0.55281568120550573,0.00014632368770325213,0.0011495834562163056,0.0097079636364778687,0.017831649263707831,2.5294386663683231e-06,2.5796204118311993e-05,0.00063241778234187566,0.0037539416682618246,5.1315147945795003e-07,2.6719458253476006e-06,6.4789759761767665e-05,0.00028779844457102943,0.00023970636800741855,0.0016200457615476341,0.020327055731886604,0.11997190393830207,4.0525587666564766e-05,0.00030131059338325979,0.0028633851910171656,0.021876534704082087,4.624002570891698e-07,5.6498944779424115e-06,0.0001361669535631284,0.00056810906293506484,4.1730650698037039e-08,8.6678117925016072e-07,3.514487271478181e-05,0.00014646676357375161
0.001539926453276848,0.0039771707752726685,0.023436992632810752,0.03686532383194048,6.1823157702196253e-05,0.00066019350727799728,0.0066957845903251271,0.13367147546434491,8.974807981429976e-06,2.0153619188624566e-05,0.0024631655893098078,0.0045043882784798345,4.0709060877033534e-07,2.848287210223845e-05,0.0004463450455756167,0.00094606798028399513,0.00089017428290543799,0.0020803446870733939,0.10362135451708485,0.020326428976195299,0.00013966744788593811,0.00048386889560293603,0.022519825780061252,0.08139136981670389,1.7285160545794586e-05,1.0544973375474941e-05,0.00085836011765843721,0.0014408439595427927,1.8767018950101552e-07,7.0716902595835929e-06,0.00014312925694452816,0.00053973383756376978,0.00063113872659320677,0.0057355382035578573,0.029498619616726344,0.61427701044699123,9.7026424973064866e-05,0.00080247954510226567,0.015422195936220948,0.058445882570794798,7.1633780769563328e-06,3.4367379077740685e-05,0.0012769588721827604,0.0079471208725933919,2.461044955482576e-07,5.0219851473775412e-06,0.00017090655785504695,0.0006909742439078038,0.00024238623028600948,0.0014430886099320896,0.037702755955475072,0.11346135406085953,5.8890660610027354e-05,0.0002896372047118585,0.0060993697289704538,0.039761550864657359,1.8952834613580568e-06,1.1281818108434747e-05,0.00034104179057531636,0.0012284821806694197,1.0523872013861906e-07,7.4298359134919304e-07,0.00010062279303445511,0.00042104905068588496
0.00085874898330371113,0.0022031009037064529,0.04044990792363827,0.080380358846188799,7.3113857631835168e-05,0.00070466419370912277,0.0163663961015682,0.17538848716588165,7.3172765948755015e-06,3.3575683801921143e-05,0.0034699930088317797,0.0065760881913610536,1.5013937704171302e-07,2.8048590276713902e-06,0.00075787859547919517,0.0023113016938086308,0.00061615930489869301,0.0012213597555976235,0.12802899381524799,0.056362517953623299,9.5153397378510009e-05,0.00040944430935317797,0.036375940361949834,0.11389921449218696,1.0509647598101399e-05,4.8980986816991617e-06,0.0013722805048312658,0.0024938819167368157,6.2337166467843226e-07,1.4497085617008128e-05,0.00041877177951654747,0.0013112209335701577,0.00045652141457696449,0.0033044969237506099,0.053051660875914182,0.29447929318919036,6.8372067522053069e-05,0.00058688355924373472,0.024688355874074419,0.10233378348566342,1.0639723721485777e-05,3.5230314957391087e-05,0.0019709347625472256,0.011422951979448018,1.0753932448185037e-07,1.2319552791588041e-05,0.00032299934002763937,0.001496842185977566,0.00026382974114643934,0.00098434223042119713,0.060010970527645015,0.16742460355873764,5.1185580876197625e-05,0.00034483078759727317,0.014040251087165775,0.068590157474398436,5.4351639303304058e-06,4.5955283173486553e-06,0.00081474562480741205,0.0022986392027402637,1.2781084873600428e-07,4.3704561599575133e-07,0.00014442237929496309,0.00097080179373700882
0.00057174065199408432,0.0011014320382591249,0.061423908326392863,0.12413446068248339,0.00010751243267166054,0.00064628952045152148,0.037032005176771313,0.23753505657059076,2.2319526865151596e-06,4.8346502944881334e-05,0.0049391432721676686,0.010307924680756345,1.7501710311747592e-06,6.3953512536525287e-06,0.0014392034805119039,0.0047600125483989557,0.00036609756546029807,0.00068129800821172925,0.15672526559030675,0.1069081461214999,0.0001142379575276179,0.0003507974411454217,0.061434033755805376,0.1734265037667288,1.0298425660898803e-06,6.0518415239351178e-06,0.0027342512299285276,0.004742710910454106,1.7313587570520045e-06,1.0418190089067712e-05,0.001084198144342907,0.0035146196884699673,0.0002656804153168301,0.0015522584772574967,0.0048491489243120706,0.017100901951859485,9.3654737436204801e-05,0.00047599024634819735,0.035083470865670222,0.14071904962905737,1.5085465007479224e-06,3.4325297474340775e-05,0.0027968204252749171,0.013730574111800982,2.6834521491575103e-07,2.7831257941223995e-06,0.00075085015196430004,0.0030831797829145202,0.0001811065909140542,0.00053669582808599323,0.0092961017103359422,0.12129243158588608,4.2846359729818107e-05,0.0002775905017983993,0.024357235839960471,0.10692030786882059,8.0862558973733666e-06,1.1047779133543103e-05,0.0013020631556094335,0.0042772906219834947,4.7201131186092216e-07,1.3246015016102079e-06,0.00041259615588175585,0.001987863065831067
0.00026905013419294024,0.00046387166387126046,0.084007895894536916,0.030552019293317155,0.00011142803207854622,0.00027554681695023028,0.053305698759183562,0.010848959345572213,2.0899852889672463e-06,5.244560128695146e-05,0.0069491002964930928,0.012950416540489127,2.9577354946141237e-06,3.5082696519249511e-06,0.0026498279063977503,0.0065137749875484145,0.00028700722716721601,0.00048772452999044122,0.20661998948047997,0.17500461427223105,0.00011564417568695861,0.00036172186176837358,0.10585753573606342,0.23474001359162494,1.4085973384180229e-06,1.8813872733964108e-05,0.0051675750942899784,0.008982667675264476,1.2569708527266333e-06,1.922524586032367e-05,0.0028272850754205133,0.0064949829858268488,0.00012338095494814134,0.00069370819273062694,0.012462751479626414,0.027652571475670469,5.6805345775080662e-05,0.0002369628493538923,0.044895713027247826,0.0076433283138728223,1.3115491952305896e-06,2.4355683048997134e-05,0.0040523676031322276,0.017071361301795748,9.2302175430745816e-07,1.8494085440879588e-06,0.0014832842029616549,0.0048483130417485204,0.00015674238655249709,0.00041708586178736308,0.030326086546961759,0.16604555877879626,7.4278911543412078e-05,0.00025652332883165888,0.045173735084329744,0.14906623333219818,6.0975081842520945e-07,1.0459808580259368e-05,0.0022166855654854032,0.0078747109133374925,6.7663293823969948e-07,1.8576650599155353e-06,0.0010399862519591824,0.0041918191845467046
0.00013114657437850774,0.0002101302406281301,0.1035285883206164,0.048113690853894039,7.3042436081335724e-05,0.00016929799631073492,0.078665145792052887,0.028957077425659117,2.6972657053728096e-07,2.4167469796403451e-05,0.010312302252303767,0.017823479275276079,3.0087825699702407e-06,1.7683478945052634e-06,0.0051941710518848931,0.0092363992220972791,0.00012162060327713565,0.00025403114120767055,0.017005853481246402,0.023955999555509574,0.00010710437933985995,0.00023611174783470275,0.14485819385867424,0.18074842956707277,6.8161257253363482e-06,1.0514730759763949e-05,0.0076318152428471392,0.013635954261524573,2.4413143946393093e-06,7.7838204085517287e-06,0.0057632481650054064,0.011738327424249904,6.9232769675636773e-05,0.00034930653677400173,0.026796534230347255,0.047767686844024347,5.0842882501492204e-05,7.5461401510041348e-05,0.063739680119626399,0.025127213684937713,1.666419433493195e-06,9.5853027908922862e-06,0.0059951935004100955,0.022620538006567305,7.7912417058614107e-07,1.6155677409168639e-06,0.002942212546498897,0.007393056092327481,0.00010438051275968667,0.00025729954755127017,0.052018201899542066,0.20972368699392591,6.4051155789513018e-05,0.00021889296454360681,0.079875417116245628,0.20937129883717884,1.995146030128758e-06,2.3850162672898566e-06,0.0040229048274188694,0.01458499590247149,3.0012820084361575e-06,6.1441941741928675e-06,0.0029180046601753576,0.0089657513938732891
7.9865130663177701e-05,0.00010592061514725346,0.055268925359519279,0.065113346217083132,5.1830405382580724e-05,7.4483132109087868e-05,0.004407661606952269,0.005628912573670224,5.7426048543646383e-06,1.8185592517082625e-05,0.013622387212267158,0.023750938605726139,1.2829202557235997e-07,4.8553072427800904e-07,0.0067488222064323016,0.011739397433441724,7.3441495148547899e-05,0.00015296259450040851,0.028271318441469937,0.044980347664304525,2.7608400857413212e-05,0.00012681814907451313,0.00482373495393247,0.0089033705159171014,8.8555977829572984e-07,2.2327708206376562e-06,0.010771103203827195,0.019661119748107303,5.7467579187713033e-08,7.3220727535191976e-06,0.0085606727222997739,0.016673380523063164,5.6110995934620089e-05,0.00018524640307803511,0.048391194962210456,0.085788797772288497,4.5154675998215468e-05,4.0663261218470445e-05,0.083518882566357991,0.050636915617519734,2.1382805601846842e-06,6.2634520563796173e-06,0.010191064181450542,0.031110414160606802,3.1755599664167164e-07,1.7903842225097736e-06,0.0060602322579399416,0.012605899744729056,7.6701311996630703e-05,0.00022030274366278442,0.088535579735951095,0.28026184042869579,6.2022668822422368e-05,0.00012399913219239697,0.11922073988244233,0.27117088527448596,1.0255317232483191e-05,1.812586835193388e-05,0.0082423705440675052,0.027423743867724653,2.8131799782860725e-07,4.5250306587132093e-06,0.0069013948133125674,0.018971094548626413
3.0352616570781495e-05,5.1751508973433881e-05,0.0093604929956113327,0.087647997882774442,1.5908585251573096e-05,2.2592348477074579e-05,0.01057715613039624,0.014353313106196204,4.0470390729459281e-06,9.015926144842123e-06,0.017947139543948214,0.032700679275271025,2.0025214565787821e-08,2.634993057891543e-07,0.0097104579898908885,0.015624548501949411,3.3062756825136981e-05,7.431713309475039e-05,0.043153288707663419,0.067961475645629696,9.4905071169135903e-06,7.233884779282555e-05,0.01313772179209074,0.016709573669380987,3.3158998049902718e-07,1.4017565865534117e-06,0.015549138393641309,0.029068425118777625,8.6536049067177902e-07,2.8121682703432188e-06,0.012098964858850083,0.021534200368560789,9.9339324353171294e-05,0.00010302142492874851,0.080122601815356131,0.13081604922155254,3.0408863434068273e-05,4.6922859386276628e-05,0.11340937124651582,0.076370390109850361,3.1377304243980664e-06,3.1028039290292416e-06,0.019035164205569978,0.045384905916304168,3.6447485932683272e-07,5.0628042977795467e-08,0.012226870293159921,0.0200831079173577,7.8834773395980407e-05,0.00014817199509025784,0.13263088373785373,0.17513387115400852,4.7223876360066043e-05,4.0785752668205285e-05,0.15094727740611169,0.021962574347000708,3.2301237837701137e-06,1.2331585391488648e-05,0.018017041049771001,0.043538564525203778,4.4529818846065937e-06,3.7901276294434091e-06,0.015024993261361166,0.027431934318361807
1.3013256916468001e-06,4.1030274498082825e-05,0.0031432439420025311,0.0052284512083367986,1.2064026168453765e-05,2.0162135992693727e-05,0.0014597458398154523,0.0016822351260362299,6.2837419713025894e-06,8.0453088376008924e-06,0.023922962514669216,0.042259642612098081,9.4336755676900574e-07,6.7973365310848055e-06,0.012300478586009038,0.020131132486166985,6.4144770139396752e-06,6.5685683574421641e-05,0.06630516960876276,0.09608646296828692,2.1153583280421532e-06,3.5361100776217851e-05,0.025344283768068177,0.027410399158733129,1.2384210796308254e-06,9.5311467119756107e-06,0.027261848449946061,0.047241012165327764,6.6195875369485835e-07,1.1770298733176594e-05,0.020014341909281034,0.031476847035650464,0.00010723479546898774,6.5868560434823983e-05,0.0077271476749288361,0.035670887248933796,2.2155574926963361e-05,2.7083702321917225e-05,0.0042730330934676476,0.00440955940417544,2.4575397314872811e-06,1.8189709771672623e-05,0.028664766886730839,0.0615285591023444,3.7264458057928424e-06,7.5047942879578899e-06,0.017693934034377721,0.027223152002788548,4.7089454849791406e-05,9.0190445353723736e-05,0.19059823710522858,0.23713952409903524,3.4936808577042072e-05,4.8574573831221505e-05,0.18412645316162851,0.05119752834026442,6.2773026989260199e-06,9.1994530759926217e-06,0.038597881109585369,0.074726175265509148,1.0045996877605322e-06,3.79180290210493e-06,0.030578999341407034,0.043795198906694359
1.759396181574792e-06,3.8248517286911816e-05,0.0092853336735633542,0.011424148523881126,6.0483211582595039e-06,6.7573357714004576e-06,0.003900488977923468,0.00484936432971663,2.409554417646439e-05,9.5597215891309949e-06,0.033827414236016949,0.055506028863194862,1.8677628057634257e-06,2.1565446564175087e-06,0.018064766953052452,0.028042638000344077,8.0162824569169671e-06,4.0288343926394957e-05,0.091963179157407926,0.016551748686090696,4.2173653855452484e-06,3.0697291728854542e-05,0.038078128898746032,0.039550290388091179,1.5816143030644862e-06,8.1401149461637764e-06,0.04627939653677457,0.065625682304733438,4.6869165612297719e-07,6.7076968883683618e-06,0.031946201656658006,0.045098012089294467,4.7843217044704796e-05,3.0593032031761327e-05,0.021565328189412147,0.052849291845470749,1.1504809908056635e-05,7.5551849652119053e-06,0.0080382445882025994,0.01084323426844132,3.0001344672682435e-06,1.1605338792955914e-05,0.045888046768185815,0.084821928130071528,5.5375622881588525e-07,1.1835894774427541e-06,0.025216845237266396,0.038736464271724343,5.4219491116622641e-05,5.2956063409789761e-05,0.23375965065589124,0.14433895755213816,1.5323034805639543e-05,2.7221257694697994e-05,0.015438669335805403,0.073405669040847693,1.5957489858136691e-06,2.7065849763605728e-06,0.066894661282752982,0.025347519488758987,3.4059803801289793e-07,3.4240384768104055e-06,0.044961217522874283,0.06192789435057415
1.0807262071000655e-06,6.7750571547382459e-06,0.0035633855936121391,0.0019734768489299307,1.7327006192390589e-06,7.9728815906973748e-06,0.0076882486516429809,0.0088430122921279494,1.2097756112353538e-05,1.1873590857707299e-05,0.0054199041839617882,0.0038196292095507519,9.2191408088505907e-07,9.3708476406882079e-07,0.02611614812996562,0.036389512501066527,1.6732995103348796e-06,1.3200692873962492e-05,0.11412881021303307,0.039399020716544747,9.5637752015373306e-06,1.2544559007502938e-05,0.058009260549955789,0.060819336451239908,7.7991993703997778e-07,6.7831680473751064e-06,0.071528187240893965,0.088710647234983342,7.7204284401507334e-06,9.2185784710256893e-06,0.054157920870227798,0.072071536021172625,3.0147729326282704e-05,7.3163565433929559e-06,0.028866024742257173,0.0053927420971482823,1.4103957291424015e-05,1.9181559830876482e-06,0.013335104004561553,0.017854749811642402,2.4421576803423401e-06,1.2242005338084125e-06,0.057394114333764665,0.0065277173755672862,2.0539714191215822e-06,5.2236969542105726e-07,0.036991729784318257,0.051089736807625671,1.2796041783059686e-05,1.5399156375227921e-05,0.022089034027614488,0.17198198127175657,1.3389273197459323e-06,5.6218401609455786e-06,0.033248288718061486,0.10327213641687369,1.4510211326912494e-06,1.5260352836630899e-06,0.094075308713241837,0.039442537917531273,1.705555346137796e-06,1.2583134753455593e-06,0.070074196197135979,0.093596552020503751
1.3934487319528034e-06,5.8328209138438507e-07,0.0095602383582216646,0.0036645008509205322,5.8328209138438496e-07,1.4226839561939172e-06,0.0054115602933615904,0.013751748793577883,1.2190577993079273e-05,2.623919166306407e-08,0.013872109605348513,0.0058736747689256746,2.623919166306407e-08,6.6938052485779381e-08,0.036245455191217718,0.02719217432357213,1.2555218793098804e-06,5.8551083039707466e-06,0.13974818742850906,0.0075338686987493327,1.1944035041762678e-05,6.0234768908837891e-07,0.089258873530329047,0.080510422556231892,1.184448355694465e-06,7.2565200840945506e-08,0.1031973032501952,0.005156751720803503,5.6988853208896809e-06,3.2638048891106214e-07,0.085500183313183459,0.014030870480758989,9.3402955834843656e-06,1.4062221485133457e-06,0.037996704771531734,0.0084483421561104815,7.1586911834038726e-06,5.9305752395052688e-07,0.0074880270803308726,0.02562769600353727,7.1539945653918469e-06,7.4073118100740271e-08,0.073597297605667286,0.010884404482413523,3.244568357664071e-06,3.2391278473996383e-07,0.054137524017202752,0.0080549458941828484,2.1152953741413492e-05,6.5582185738905701e-06,0.046608527491540763,0.0086204798771754056,3.1293227085354092e-06,1.0727628200045906e-06,0.065352065646017671,0.13139351006398273,1.0850376519403944e-05,1.1602763154398431e-06,0.13160491853253165,0.010074967652029393,4.8192123959654055e-06,3.5809287326247545e-06,0.11368048706835471,0.12349465988611986
0,0,0.018464882383480156,0.007572398593092877,0,0,0.012612774400060069,0.022730284224281552,0,0,0.0041955606543803876,0.0079970134821680302,0,0,0.003594875925750177,0.032672192318089648,8.0087805938854763e-07,8.049025722497966e-10,0.16617492681000445,0.02146213709711629,8.049025722497966e-10,0,0.13494820345752029,0.11802000848116062,8.049025722497966e-10,0,0.0077963341662493383,0.010455774048412782,0,0,0.054736213880888729,0.031018432825849311,1.1277898375158516e-05,1.1334571231315092e-08,0.053574474016637105,0.015950575508409271,5.6559510444262308e-06,5.6672856156575459e-09,0.01770159508301427,0.038960961952888493,1.1334571231315092e-08,0,0.082415242430044222,0.017088562439506121,5.6672856156575459e-09,0,0.0061071223534426332,0.016951888707593381,1.8076115846668675e-05,8.2058132337969834e-07,0.075825036619718414,0.025878533989127959,2.3815188169971225e-08,8.2305047480411062e-10,0.10641881765986612,0.18062083083398717,6.470865082190271e-06,5.7712573257734137e-07,0.010467478401551995,0.020309401897644217,6.4903360904616564e-09,5.7095425452111775e-10,0.014934672509693374,0.15122350405913243
0,0,0.023512287850021088,0.011086772085061878,0,0,0.018704818954061623,0.032642880153454575,0,0,0.008982285156206693,0.012951802922094909,0,0,0.0097330459453948987,0.042861877808006509,0,0,0.0041696239766795895,0.0031048338369479276,0,0,0.0086038861214428972,0.01020472061714669,0,0,0.013048453670752656,0.015401530459809664,0,0,0.066268723859426726,0.046155105079024407,0,0,0.076707363518633262,0.029914151141287721,6.0994585082673884e-06,1.1668596569447462e-06,0.03682958647726696,0.064919012201258008,0,0,0.10017619038595485,0.029053883576063842,6.1239543255696676e-09,1.1703707692525036e-09,0.01901262088829753,0.034532919229102545,5.6243169583273261e-06,5.6469045766338619e-09,0.1024797715800716,0.04967506120566411,1.1724896208076502e-06,2.8380248638915821e-06,0.148758407162846,0.23129774831820527,5.6469045766338619e-09,0,0.026702363689404061,0.036477029365939405,1.1760176738291375e-09,2.8413611978441888e-09,0.040449593626480283,0.14263166426516713
0,0,0.033331371914252055,0.019451505612399379,0,0,0.028644663370768333,0.049539680171849343,0,0,0.01474759108923294,0.018871102845287355,0,0,0.018096619102852127,0.055004337982931154,0,0,0.011530331053116729,0.0095501528866910011,0,0,0.0081093887997342098,0.011223385260690305,0,0,0.020558107994557089,0.021996239515659727,0,0,0.07493918423440242,0.0089392006098611143,1.365963362423642e-06,1.3728274999232585e-09,0.10396180592790606,0.056198292354657481,7.5611628699310523e-06,1.3762763976165653e-06,0.059702071010337074,0.10620755012922606,1.3728274999232585e-09,0,0.008372518695521039,0.041560850065147627,7.5901506450111741e-09,1.3804176505682701e-09,0.027249798053728395,0.051757517275955622,1.3728274999232585e-09,0,0.13460260171442565,0.088408365959690691,7.5901506450111741e-09,1.3804176505682701e-09,0.023387343138356605,0.26802270121126387,0,0,0.039359456953490059,0.052350951558112722,0,0,0.0097950942115889242,0.01596859925747373
0,0,0.045433024183204308,0.029111177630993464,0,0,0.041673148427208415,0.067473110806651679,0,0,0.024628235819729991,0.030926844859223059,0,0,0.032296474037857133,0.075151182257350804,0,0,0.018651475982496293,0.017487668435521832,0,0,0.019731146854521965,0.031758289298434897,0,0,0.031719843822325004,0.034357214047952354,0,0,0.091574608931378226,0.027285213528772442,0,0,0.092775441540448172,0.012438333246736931,0,5.6835718347478617e-06,0.011546338510518847,0.022332153252547254,0,0,0.020192790801124776,0.057999529526949131,0,5.7006738563168122e-09,0.04053626955081599,0.074724328512094915,0,0,0.0097764475386115726,0.016129912223592367,0,5.7006738563168122e-09,0.014198794561005956,0.2911138662260046,0,0,0.05376198390952331,0.072625522188182315,0,0,0.025760056249450203,0.046591935413182489
0,0,0.058297833785493601,0.042348061110033974,0,0,0.060397123559143319,0.089666637664092719,0,0,0.042424246144462205,0.051080800464382833,0,0,0.059839687894646873,0.10765068901080201,0,0,0.027547691152041757,0.025824980387157685,0,0,0.033070940647345559,0.0095439355783349233,0,0,0.048828981273242568,0.012126727228061093,0,0,0.11521716365344037,0.045518949980961586,0,0,0.0062089034352010956,0.021938215383691732,0,0,0.019636907480494837,0.037206903440821143,0,0,0.037154681974374375,0.081639964367948709,0,0,0.060990638197928521,0.10512565651151246,0,0,0.015836085718310421,0.006346681420978076,0,0,0.021696489137253559,0.040294206466082484,0,0,0.071706607597066874,0.092246658382811264,0,0,0.043583794546309458,0.016015659014096278
0,0,0.074114548840458289,0.0052636704828954968,0,0,0.083474843261010026,0.0066005430835064148,0,0,0.065231703317258083,0.0097773446947661772,0,0,0.10157031694723502,0.12790939521529315,0,0,0.041018579153560289,0.033483314382474962,0,0,0.05143007760100117,0.0056494992844555612,0,0,0.020037916455516294,0.02589396968646834,0,0,0.15311309516853366,0.069072910354648437,0,0,0.015148946609872448,0.026357745477045717,0,0,0.030797836391181305,0.0028022278141049666,0,0,0.055174379368171239,0.0084086675294108241,0,0,0.085615810704545006,0.0098860742524930524,0,0,0.026588229071302365,0.012309137413672179,0,0,0.033497792160831971,0.0029719654318952149,0,0,0.098623101782349898,0.10980974340316541,0,0,0.073991866642269408,0.031208744482822966
0,0,0.098145622561223292,0.012418800833961444,0,0,0.11477773056798507,0.012922091085387642,0,0,0.09653930999797182,0.018959237113120191,0,0,0.13287196333444243,0.0098350218168221197,0,0,0.012779430348616129,0.039797982273079048,0,0,0.070742805561488542,0.014056296215632915,0,0,0.017708091231260912,0.039657076961851348,0,0,0.022836002745842111,0.085942310254449775,0,0,0.030466937772758877,0.032321423539337146,0,0,0.046045556040445884,0.0066699429448671965,0,0,0.081129239464326125,0.017602366980763548,0,0,0.018821119850386592,0.015705680000663011,0,0,0.041321967441079813,0.0065122422274006431,0,0,0.05015557735428669,0.0082333031148304255,0,0,0.13111367538468033,0.070232049743763042,0,0,0.10210459611204181,0.046401936223411815
0,0,0.007306275868437997,0.018353732403622661,0,0,0.13020385035344689,0.022008358639004758,0,0,0.0047426936683377767,0.024936903547477268,0,0,0.020102794474470682,0.006967476518224232,0,0,0.028760272288151666,0.053787893559257581,0,0,0.10046783298512972,0.031185761322372978,0,0,0.037340731263765657,0.060489436522734183,0,0,0.052316248792593466,0.11032314751326065,0,0,0.03932785157885646,0.0036334358002689396,0,0,0.009972592120641938,0.011402350121168574,0,0,0.0069589803702055537,0.024884951875698731,0,0,0.0075059948393194787,0.021983515017839347,0,0,0.06473778304964814,0.018079631490861354,0,0,0.077118072703066878,0.019220992745692337,0,0,0.16832904923324579,0.099136123178762386,0,0,0.14191999116439288,0.073989172921271135
0,0,0.019571536731631867,0.028729079785009742,0,0,0.14619518108787291,0.031561102105040803,0,0,0.013820203893984263,0.035786279220063187,0,0,0.032745725746860896,0.012963517637262811,0,0,0.01288633646576854,0.068994983852112765,0,0,0.013567018018143827,0.0070245856222344825,0,0,0.055395368378744168,0.081575663139146645,0,0,0.012522763248277037,0.0064478694975839707,0,0,0.052962092674885011,0.011650502458253534,0,0,0.028060231001881673,0.018370285538238485,0,0,0.018595804786296261,0.037861081878788345,0,0,0.021337942184056383,0.029947266037706196,0,0,0.09262412988496263,0.036656242105956707,0,0,0.1077653321403453,0.031101873827296605,0,0,0.10819228381738832,0.12889702264962685,0,0,0.17426394082655874,0.01492110841965791
0,0,0.0030118318524617266,0.039638880699324835,0,0,0.0019238693882514697,0.037296098471379213,0,0,0.0034342033761894392,0.049596825183544843,0,0,0.0013166080732809806,0.018774177620956546,0,0,0.030341747078896256,0.095310357557223099,0,0,0.022173022198228334,0.017354372107713012,0,0,0.08006316303269817,0.11715351244876211,0,0,0.019683289775841897,0.015152782956254329,0,0,0.020932345814834826,0.023983651260859034,0,0,0.004169356168692552,0.027505751596405378,0,0,0.0063751964709811261,0.057851887394442726,0,0,0.0025277437705692259,0.038069788958881273,0,0,0.13214847665450249,0.074109264924097584,0,0,0.12924264234670907,0.051151637969536742,0,0,0.15107058938593051,0.18149270443404578,0,0,0.012951881410185471,0.030428512016454964
0,0,0.0035163730447463556,0.045784996939765676,0,0,0.0040551557063981522,0.045268231296318642,0,0,0.010425215979959683,0.065608121681157455,0,0,0.004085684931110601,0.028872999350556601,0,0,0.010005708430421754,0.0078024505664810624,0,0,0.029447784208654619,0.025805967513821897,0,0,0.10635283546298574,0.019733504939904042,0,0,0.029653541715127414,0.024891323782377867,0,0,0.0057160380134644107,0.010012217675128998,0,0,0.0071916662824505944,0.037697521031769148,0,0,0.018504854371469343,0.088473505435206934,0,0,0.0071544253512443087,0.054313804368975115,0,0,0.16169527971498937,0.022615225115680985,0,0,0.010454082367678093,0.067134771785724426,0,0,0.21348016334234005,0.24030323756727467,0,0,0.028117140446738399,0.056377856176476268
0,0,0.0082359765941004588,0.057818545187093034,0,0,0.0064513269443823313,0.0065884912711972558,0,0,0.015298622619451561,0.087187191214164794,0,0,0.0076264367496243646,0.041224069488390143,0,0,0.0065367727370400737,0.018000433248627115,0,0,0.036705489769979151,0.03603149064336518,0,0,0.0050941944505498542,0.014457394712939256,0,0,0.035995920452518662,0.0098850635606779497,0,0,0.016342514863251372,0.028984127433218029,0,0,0.013131742529006632,0.053427313527279509,0,0,0.029361093362425109,0.13621547468290857,0,0,0.012551061314771286,0.082920028247109964,0,0,0.17422573056444707,0.033554524769883208,0,0,0.011660872757293068,0.091755529458540597,0,0,0.020565760949212079,0.28919068804719239,0,0,0.007758376574074642,0.091018834507394036
0,0,0.015099653049284996,0.070079877201322499,0,0,0.0099619565159109538,0.0029142138172025094,0,0,0.024220158095298355,0.10686048942672728,0,0,0.012129212364750626,0.0078814372250266985,0,0,0.017420887191566134,0.0083780193082209856,0,0,0.044978096473648421,0.003161290329434692,0,0,0.016101769933613876,0.035131272826196949,0,0,0.045790090255763839,0.02052280708236218,0,0,0.027827692655709755,0.009566821832104673,0,0,0.018778487835149963,0.0042344811096739947,0,0,0.045105274124765289,0.027964639290548921,0,0,0.022064454754546978,0.10436823576268622,0,0,0.20432695333816192,0.023363493833621827,0,0,0.024345905487167946,0.0071459938664786673,0,0,0.058781841913917658,0.30078598315095745,0,0,0.024210767324550568,0.12887501580910604
0,0,0.020759206527333939,0.0044611292509944668,0,0,0.014573031319083706,0.0055164451451030659,0,0,0.039546050836222861,0.12931638674055396,0,0,0.022091310851953018,0.023013624225462746,0,0,0.024750656076932536,0.013686436172855877,0,0,0.054897709607300546,0.0080430911923658616,0,0,0.033094223824480573,0.058854787405046627,0,0,0.063688611916508292,0.040087805350597354,0,0,0.035410637633689644,0.016987797887294119,0,0,0.027355475615392678,0.010824971937754922,0,0,0.066786541545158895,0.062086911387694774,0,0,0.039653873107429981,0.1354421584362622,0,0,0.0078408545786338834,0.033203718158249747,0,0,0.034263687312523758,0.017443363205938818,0,0,0.085471387946644883,0.14523742164200146,0,0,0.048962344303296323,0.17350433422040143
0,0,0.028416640105890102,0.013286275837071856,0,0,0.02249432524089524,0.01109872690461625,0,0,0.011210015604484987,0.14816904259155847,0,0,0.033178184141408953,0.040187906369459313,0,0,0.037684038547089044,0.024240810224660975,0,0,0.071188175340328119,0.019696704751127572,0,0,0.04739097793279435,0.089392487203034873,0,0,0.094437028183386409,0.073158437773106974,0,0,0.043662197754114201,0.02485218604449543,0,0,0.035663657427643221,0.016907247854500467,0,0,0.007252914192714185,0.010163740203567731,0,0,0.0068629541725733333,0.010083250488921931,0,0,0.020697820085173541,0.044917572637191122,0,0,0.053291280783000709,0.03367973999506816,0,0,0.10890036067990795,0.023260373338952152,0,0,0.084579969907287125,0.20689152597033497
0,0,0.041719827963623557,0.032056324508398681,0,0,0.036449510485734755,0.02503997537557753,0,0,0.023100963080724887,0.18240674614356892,0,0,0.046653525272615737,0.069109983406636322,0,0,0.052388136473865858,0.044547594968814823,0,0,0.087207810351904239,0.040734922449040575,0,0,0.0076422614396146806,0.12476141249344273,0,0,0.010674027365221404,0.11176890578422892,0,0,0.054501791121854444,0.037599296310998835,0,0,0.045632814911496893,0.027917317260410458,0,0,0.012708836467659688,0.025727148593510368,0,0,0.01287658471364061,0.02597367281125908,0,0,0.0056834787126980391,0.059560516215333724,0,0,0.0081500666111534587,0.053078958708084087,0,0,0.0024956976299304718,0.016501520338401503,0,0,0.005373801299930433,0.16670362930833507
0,0,0.06350253623463048,0.017426644513296025,0,0,0.060441990618917481,0.046495028804686804,0,0,0.039508764191018106,0.082601663235011002,0,0,0.0656730313601636,0.092219486509237683,0,0,0.073961829888022884,0.06912578062218433,0,0,0.10965322313688808,0.064034256308826892,0,0,0.021771582058944715,0.14866718569874879,0,0,0.022086232776937633,0.016103234370772011,0,0,0.070295078591030916,0.052624946045464707,0,0,0.063163691940443786,0.044152073134885089,0,0,0.021812867341414254,0.040422508976222807,0,0,0.02120013689682889,0.039595427664029272,0,0,0.013753399366262227,0.0096487844311863476,0,0,0.019409496208179205,0.065251424247484674,0,0,0.0063364111842697584,0.026468148634007285,0,0,0.008645901091147783,0.0061957097031471861
0,0,0.090662989742499783,0.039929047831791006,0,0,0.014724160431868487,0.07452943440001697,0,0,0.058873998189083919,0.014231367130692382,0,0,0.085815192545967756,0.11527686850466529,0,0,0.096065503297357691,0.093426775179885277,0,0,0.012122303806170664,0.089538790001541288,0,0,0.033674287089867444,0.0086510961257172635,0,0,0.033438525452746462,0.030403869579032107,0,0,0.091114844250733226,0.074969800728127423,0,0,0.01102175037526661,0.068493701420735978,0,0,0.032948660353406316,0.0088466015583397953,0,0,0.031805889344952203,0.054655992120268525,0,0,0.026471798910179097,0.026140585048873094,0,0,0.029054125583350007,0.082083965407512602,0,0,0.012097556976053535,0.033336338330972277,0,0,0.014197067804462605,0.015707054798734108
0,0,0.12562455195144021,0.071446394749456452,0,0,0.03212620490705044,0.09968632661472622,0,0,0.0076936387554302869,0.020853401905986321,0,0,0.0049234087084127779,0.0054264802068281787,0,0,0.13274159432507954,0.13265989562037592,0,0,0.032239027809671375,0.11828228223431175,0,0,0.008116752101082236,0.017814940849126607,0,0,0.04255554203369432,0.042257801699325845,0,0,0.11890470221216443,0.016705705895088196,0,0,0.027001913659055191,0.085796669506114295,0,0,0.043725975064027603,0.014906593530105382,0,0,0.03982908731787109,0.0054995408072771043,0,0,0.047732718038226978,0.043636495826323667,0,0,0.041814639276854519,0.013429073879164784,0,0,0.019900055105248008,0.041557816347900012,0,0,0.021355032812143192,0.0216484173466636
0,0,0.15333721146212337,0.017740826698478734,0,0,0.060429635467896321,0.13160287560469866,0,0,0.019962175210882963,0.029982055327353783,0,0,0.016208896833990544,0.017109170115500543,0,0,0.0095876695613661637,0.0088223910257456076,0,0,0.047778749048433045,0.081056430990836231,0,0,0.016094053833783841,0.026927018177531639,0,0,0.05648845621013511,0.057821039716368053,0,0,0.14982740191554855,0.038529931280392192,0,0,0.051817211109606992,0.11160615623795271,0,0,0.064009328681828737,0.026312586060782416,0,0,0.054483420588703466,0.017014956336870765,0,0,0.0096694751725656999,0.056967872998188944,0,0,0.0078539009329518204,0.012451973352836388,0,0,0.029712402757057447,0.054052218499200472,0,0,0.031652387413875882,0.03320402669639471
0,0,0.19200876069557826,0.0054894523391845716,0,0,0.096886882685411568,0.0086836400918143437,0,0,0.039800088789851126,0.0039982752226702086,0,0,0.036430329812113631,0.012951811238043925,0,0,0.025737126060624841,0.0048004212359210405,0,0,0.073322663647053005,0.094461551998040585,0,0,0.02799626894723891,0.0036365033161013523,0,0,0.078142088738525184,0.073808050694424934,0,0,0.19209856265031544,0.0051258187854151538,0,0,0.080566361557757163,0.005528326765400245,0,0,0.094092199231837814,0.033986489097831959,0,0,0.08086824399300159,0.025714057086633199,0,0,0.021971007891565694,0.0026425669705791312,0,0,0.022312769031853634,0.0058695532376253695,0,0,0.045200976679217721,0.0037964000053140228,0,0,0.05060285531662978,0.044043199260620843
0,0,0.22539147228983356,0.016362223346888468,0,0,0.14472642188143875,0.025758386296710283,0,0,0.064431699497268541,0.012104464809980158,0,0,0.07132046688133066,0.027983299883671965,0,0,0.050318998739946733,0.014131975762946001,0,0,0.11611605917273807,0.12305977247953022,0,0,0.043072471008673438,0.010857382984029778,0,0,0.11173652605442304,0.10139881050138112,0,0,0.0071897495027353044,0.0030899098143835368,0,0,0.009622837826697421,0.0074044215951850614,0,0,0.0081836541908281331,0.039552525765659895,0,0,0.098699543973659945,0.037371983172270952,0,0,0.027039858993425415,0.0054158243484662867,0,0,0.0060808420539156379,0.012256456630967208,0,0,0.003436712749858978,0.0070948081023403413,0,0,0.010011251896523028,0.054897827666945266
0,0,0.26765204665708059,0.021015038947426189,0,0,0.18785570901205303,0.024468873108877437,0,0,0.094286368509393995,0.02788696852434238,0,0,0.017115036373886106,0.049100523709737297,0,0,0.018063458749265425,0.029622157898088152,0,0,0.019832866022779866,0.15224659084539338,0,0,0.058053705268666475,0.023620170187331067,0,0,0.011197609120828298,0.13082506572637437,0,0,0.018129725947917012,0.0090116168758117253,0,0,0.017882473012336707,0.014835937533376359,0,0,0.015280036376256852,0.048636442697746057,0,0,0.0051148377691530491,0.050335295434279476,0,0,0.033849554416850822,0.010286018869032,0,0,0.011667409878750319,0.022360631588047859,0,0,0.0082201572717823176,0.013139715534831325,0,0,0.0033753188792444212,0.068133700670666347
0,0,0.32823380450900591,0.046099705687068789,0,0,0.13592556348963034,0.011420196808743578,0,0,0.14521650824522622,0.053108483134535492,0,0,0.037862502507029362,0.064792709016498362,0,0,0.041649002809570908,0.041196130688628124,0,0,0.0068432939980524838,0.0031937063687756,0,0,0.078771686934197019,0.033963640931184799,0,0,0.017653556178454918,0.003377655310166457,0,0,0.039953299500394869,0.019598548988965882,0,0,0.029041605666384404,0.023277374304393465,0,0,0.03277179401118914,0.065233055084684119,0,0,0.013438412200171029,0.061625292217511542,0,0,0.044857578385900626,0.016457787038423148,0,0,0.0167780917312868,0.026706374393051801,0,0,0.015659242421192012,0.01959441269681407,0,0,0.0066676888022458719,0.0029938737948799507
0,0,0.27172963885849211,0.0060369909239859935,0,0,0.18348420264694196,0.0229164018772362,0,0,0.20150639360199912,0.0071633711960925155,0,0,0.074814864853135932,0.07716675946126389,0,0,0.070182849333905617,0.0019827310409534899,0,0,0.021518295136726491,0.0065673489695303455,0,0,0.10700787784208222,0.0022081391661747077,0,0,0.030486325847827168,0.0070841617873367256,0,0,0.068083690095691637,0.0029436433677999668,0,0,0.049874686303498408,0.03128476549601851,0,0,0.051350258913172422,0.0016785730380956688,0,0,0.023434540602482894,0.0032637643715322183,0,0,0.059637583457853291,0.0019799974761821023,0,0,0.026396815325128279,0.031293786832236728,0,0,0.026437747709435338,0.00090955177976328799,0,0,0.011802175158896422,0.0047117324063981605
0,0,0.025130248430737884,0.011179310309799618,0,0,0.16488595480890297,0.038489356649169346,0,0,0.25582433511935104,0.019997619803422122,0,0,0.13458001544622919,0.099857459732892243,0,0,0.091711169597533851,0.0051647774807518348,0,0,0.042640269181966582,0.012444693094700155,0,0,0.14386237809924401,0.007551177144676932,0,0,0.055068305163890198,0.013908151435060193,0,0,0.0072961781158678253,0.0054485560552881424,0,0,0.071351673737210006,0.0387127164231926,0,0,0.069592211895184289,0.0049682559099937127,0,0,0.041632039398959132,0.009717182094685738,0,0,0.0046115616033396735,0.0042392997938810973,0,0,0.036393767642235536,0.036772539972448059,0,0,0.006493917736042883,0.0022076608238180075,0,0,0.019379753136249164,0.0074515939570745041
0,0,0.0076263581221623833,0.01628809674770736,0,0,0.14274728921745131,0.061165485116219297,0,0,0.024081767559259244,0.031614598201310302,0,0,0.19647570909215514,0.13285170734760735,0,0,0.0076066018766999775,0.0077902071043920431,0,0,0.063003790451619857,0.019513987069764538,0,0,0.16496315658008848,0.0064851614933708083,0,0,0.096883721794999086,0.026182747059471493,0,0,0.0062012871172561213,0.0084039070856727193,0,0,0.098154887398007568,0.0526603985607179,0,0,0.085177348409130368,0.0097607753558431459,0,0,0.073968176726289261,0.022588313910761701,0,0,0.0081410139065743545,0.0056529709902938966,0,0,0.050617434169809551,0.0037284593325803677,0,0,0.016865436995082202,0.0041732508561950783,0,0,0.034493572445429638,0.011982506277349444
0,0,0.011562471080707919,0.025674541979489037,0,0,0.1739429955757438,0.095986720760457958,0,0,0.026341378785443632,0.050903206904371237,0,0,0.09659890799419571,0.16967892651862351,0,0,0.02043158685123719,0.01407353601105457,0,0,0.085957817723029989,0.033811063967002966,0,0,0.19262467798826244,0.020179409470686974,0,0,0.026775522012386324,0.044703217357784736,0,0,0.005493014355966208,0.013580490077975049,0,0,0.0096542104629764869,0.065338210555257556,0,0,0.10154770254067341,0.018992386244554172,0,0,0.014164389757698468,0.038731130076552787,0,0,0.011569841069400465,0.0082224405446997603,0,0,0.0051368596578691538,0.0085642547898830169,0,0,0.031124068475073929,0.0085463596550439929,0,0,0.044957776385450669,0.018612374250871491
0,0,0.02594086170550431,0.04138968896491263,0,0,0.22402564658505622,0.13810516001105169,0,0,0.040593040214340133,0.066598939103591923,0,0,0.1307611731392456,0.024738759943041838,0,0,0.029728574319927908,0.02285514890519413,0,0,0.1225526194767363,0.056856935141714637,0,0,0.0078239248837230942,0.028733459591645555,0,0,0.051410061170474794,0.061807857566265167,0,0,0.009645440400730362,0.02006637139761858,0,0,0.024351356710467793,0.052952029369218792,0,0,0.0051550509658736315,0.026327185260018378,0,0,0.028716068251447326,0.052925995426437625,0,0,0.016842726301536888,0.012404165244955568,0,0,0.015844188246338133,0.017254351387087224,0,0,0.037992519207976236,0.013766227536137293,0,0,0.059667265953176285,0.02909090297907399
0,0,0.0054246426446635573,0.0061896757920529427,0,0,0.01123035099012766,0.010153152979123345,0,0,0.055182077303135221,0.083031092205395729,0,0,0.085552578347758271,0.048180562613271145,0,0,0.043988596461973312,0.03441038373872677,0,0,0.15088056170104117,0.081249279549006889,0,0,0.023613893787900856,0.045881611843061561,0,0,0.086459641617741181,0.09090667278435717,0,0,0.015262931256973263,0.028348569030691276,0,0,0.035614141188870192,0.066541167513918156,0,0,0.014764677841073473,0.038665289023682374,0,0,0.047625397896187985,0.072583831265875268,0,0,0.025847255405853302,0.020073314128237537,0,0,0.033551501462403016,0.032446729076070602,0,0,0.05077663264881925,0.023667300381369792,0,0,0.085274541851955155,0.048654326157002228
0,0,0.0096432513764961626,0.010493416801214453,0,0,0.018034191405476904,0.015258677597166542,0,0,0.065823775867128453,0.11003536097857712,0,0,0.12465329829622783,0.086161831353415985,0,0,0.0011449800083216857,0.0011689701886209933,0,0,0.0022496867136292953,0.0016833923890117192,0,0,0.042843729613234044,0.06596726750995334,0,0,0.12372093026591803,0.12498512530747564,0,0,0.020838606194753615,0.03510649028231054,0,0,0.044769643723555901,0.0054816404738719671,0,0,0.031737064312895677,0.062216363356589997,0,0,0.080085009931791212,0.10250254619761069,0,0,0.0018102347726135588,0.001734464033732445,0,0,0.0033062443208296513,0.0016972537247728393,0,0,0.0690618530985663,0.040148402380496238,0,0,0.11957334686656146,0.077118172247308867
0,0,0.013462238290494439,0.018207112148462268,0,0,0.024277410145373719,0.024392276630222694,0,0,0.0076207657642775317,0.14072240721122695,0,0,0.0085525797870584491,0.12671976985105946,0,0,0.0035243244718037403,0.0048711180996269653,0,0,0.0054328542111833373,0.0064348914978645316,0,0,0.058198364247297463,0.10078341701809072,0,0,0.0162826153657596,0.16850633924083694,0,0,0.026732426301372712,0.044237008358502694,0,0,0.053449572372864768,0.015675173146484506,0,0,0.0078833632182462882,0.01899626717908285,0,0,0.015159416162766228,0.13715711401749697,0,0,0.0057717739888008511,0.0057559149561231511,0,0,0.0092378671583109393,0.0064801193266611637,0,0,0.076945993509436025,0.067293013335405022,0,0,0.14948526141509705,0.1263608667566313
0,0,0.019453017498638349,0.027219212866667841,0,0,0.03233316940505198,0.035611008460279148,0,0,0.014172007913296255,0.011339679454854781,0,0,0.016200614701637358,0.021019799918063051,0,0,0.0081231661942007764,0.012267837741319416,0,0,0.01060622441793484,0.017149947699404543,0,0,0.072886832295537843,0.1397963413208437,0,0,0.030628100119708963,0.21713987971741783,0,0,0.034051848543475656,0.0570866036868889,0,0,0.065760969922041543,0.031967795430440774,0,0,0.015150090019603137,0.039240659566808028,0,0,0.028588452728694626,0.17573797343544215,0,0,0.010096490669165721,0.014350355859000396,0,0,0.015037883549914663,0.017715563200650129,0,0,0.0076917076580049542,0.10124860769570196,0,0,0.0099872045399529968,0.18178418684668543
0,0,0.030123653359507851,0.041657480251686675,0,0,0.044488989799046925,0.04990152142993589,0,0,0.026962225830430273,0.031122478060803222,0,0,0.030006240157612659,0.04203441295356343,0,0,0.016877050208035014,0.024086412390083467,0,0,0.017103454020291939,0.025740427340426638,0,0,0.094407662946862203,0.17221558337715026,0,0,0.043524749082482286,0.015367104773957238,0,0,0.046802036563461505,0.075392762803942096,0,0,0.082645804473499937,0.018861876097874798,0,0,0.027732358793513878,0.025079742555082499,0,0,0.047789072482766468,0.20005590451314198,0,0,0.016996947701579737,0.010127335414875331,0,0,0.022481453549211102,0.026160441079945619,0,0,0.020818099336409195,0.12810781241497129,0,0,0.020269115418593379,0.018049078050703951
0,0,0.042354223754739434,0.057872402830417571,0,0,0.057591955281298103,0.065714500555223279,0,0,0.043698840238127729,0.056819315464783311,0,0,0.043403114420376136,0.062056988074882476,0,0,0.033006416579924633,0.047839067288153493,0,0,0.030545640462003656,0.041068227776825901,0,0,0.13383974628897349,0.22957576926201739,0,0,0.06521539216924839,0.043410828420876284,0,0,0.0019895852156203058,0.0033404113585363011,0,0,0.0024409548697896491,0.0041080433160350371,0,0,0.0031458561499263537,0.0081026861535629137,0,0,0.0034865545539260849,0.03999701763557173,0,0,0.024368001357129663,0.021701275375216607,0,0,0.02923466055670693,0.036211109510921449,0,0,0.037021416854353284,0.16351819240535601,0,0,0.029738399731996663,0.0347140473017684
0,0,0.057642671011873259,0.015184054498384584,0,0,0.077253155881046837,0.089373985291979818,0,0,0.063357083366350986,0.089177300425278383,0,0,0.06276395882970931,0.097109163902434584,0,0,0.052268391677814115,0.075064417453574589,0,0,0.04745272784461143,0.064285053731626143,0,0,0.020779737030044657,0.26750439207986032,0,0,0.013637503075248719,0.075183242580173379,0,0,0.0054406296601531437,0.0060458939592829752,0,0,0.0075170763510381813,0.0093825284447378275,0,0,0.0079645611567388513,0.013740183713879013,0,0,0.0097294425027088256,0.049866565836452791,0,0,0.03404653199662902,0.0052193514170371172,0,0,0.039266441754779884,0.024032960998142592,0,0,0.048388264914443285,0.010189523611254239,0,0,0.038894280838371861,0.0086761465583468887
0,0,0.077742324116603936,0.016644366847128243,0,0,0.10145921849238142,0.11420347870323347,0,0,0.08497211328018299,0.080238675426074144,0,0,0.009785612705153492,0.016225798934027251,0,0,0.015067996955096408,0.021010011104704716,0,0,0.067617632157822419,0.090953785570809687,0,0,0.022108912705257618,0.29688770766312422,0,0,0.023916720491883446,0.021013643273008826,0,0,0.012166391363796318,0.010743199861916746,0,0,0.015918583662110204,0.018746794244822899,0,0,0.0065769464122345861,0.023825049043378815,0,0,0.01503589255338417,0.061436270598571492,0,0,0.04497836781281838,0.013067934167264596,0,0,0.051174657826102012,0.034021171789020345,0,0,0.062107622775863298,0.027179472386029989,0,0,0.0056098682097229999,0.018411124444085873
0,0,0.10666857068804859,0.0095811691237549079,0,0,0.14611471029187478,0.14946059188169228,0,0,0.10375174008802313,0.0054711560609102669,0,0,0.029506838217796063,0.031598434424503941,0,0,0.034500757180314388,0.0059397939650199681,0,0,0.10579261202972891,0.1233820209928696,0,0,0.035760940053527333,0.0033100722065199832,0,0,0.039549217230151805,0.032554322523490137,0,0,0.023578579089438546,0.01335528933028529,0,0,0.033642399150631788,0.036392074982759773,0,0,0.01701994670326255,0.0036859361029613386,0,0,0.025566051391118477,0.072728374914154181,0,0,0.06060920754055487,0.0045109352870018197,0,0,0.071912801022865402,0.051513275814881465,0,0,0.074987229707422318,0.0033662195767109786,0,0,0.017733692552242948,0.028677214373281107
0,0,0.13531190743984819,0.024890321656738105,0,0,0.078944324834671009,0.17851080836904001,0,0,0.12628527036921108,0.015940237812777494,0,0,0.020182719548524318,0.055142844968192203,0,0,0.010797535015950524,0.0035334776598823416,0,0,0.013454771757393007,0.012041605218989374,0,0,0.0476038126462551,0.0036744304253427717,0,0,0.05345259149316807,0.045063181895726417,0,0,0.014596161396982488,0.021549091165085545,0,0,0.058970795259214059,0.06282130280473866,0,0,0.028485696973283209,0.0097069034458668012,0,0,0.042657135558084626,0.094939949327152523,0,0,0.073622478358238569,0.0099738034378059875,0,0,0.095573172748638385,0.07046214810319551,0,0,0.0073518130152373353,0.0065032314005582011,0,0,0.031628862204798061,0.042795756121197001
0,0,0.16857819626246134,0.051255981064406125,0,0,0.021795573298222532,0.20396344842700506,0,0,0.15645689998395909,0.029742418749680782,0,0,0.038163289771728108,0.014804252203020113,0,0,0.030871874544272721,0.012633957985090934,0,0,0.014697416509542002,0.032154702696623585,0,0,0.069683442905470683,0.011770300357853467,0,0,0.074268969519437969,0.061934594224776589,0,0,0.028403183045186541,0.031278728570908583,0,0,0.007196650281316672,0.011867592803418377,0,0,0.0065178578941900234,0.0030674751565081082,0,0,0.0039978632836333624,0.0037716006547057306,0,0,0.092205178580660255,0.020179306492469785,0,0,0.060715133149709659,0.090651747569398047,0,0,0.01859500065720553,0.012063452436569042,0,0,0.046056186989920936,0.057507645890144926
0,0,0.19172579439157589,0.089321977178887707,0,0,0.049321329541044477,0.24935954419383466,0,0,0.0057154875565455371,0.039915388246200438,0,0,0.0048450982842257696,0.032142482932281828,0,0,0.010396364202226852,0.025828264973222954,0,0,0.030430502170355513,0.068891382175594318,0,0,0.0038141565785325174,0.019039197463753106,0,0,0.0062881996634664636,0.081811944767342756,0,0,0.010339162025608422,0.043782542046014172,0,0,0.019424904122134524,0.034398340430510412,0,0,0.010336059010600187,0.007691137151382926,0,0,0.0080714670797750136,0.011792208724383243,0,0,0.033954876521041122,0.0098445477627571009,0,0,0.081803436800093221,0.12416591161996426,0,0,0.02399983931174296,0.019209192250040426,0,0,0.059680303060101754,0.07884051118203908
0,0,0.22388964117404567,0.02418031520265632,0,0,0.099475656817009137,0.29492644443130067,0,0,0.012689048791558593,0.0058112030311852992,0,0,0.01214515542030287,0.0479531914143781,0,0,0.028338313182042624,0.034938155184245839,0,0,0.058300483568394804,0.10409364382298329,0,0,0.0090083367318535331,0.026613872370186788,0,0,0.011396376626091703,0.011698221559847512,0,0,0.022962538112855872,0.0041344817176175884,0,0,0.035348779029665066,0.013245753302552996,0,0,0.016209852303080047,0.011854587903888054,0,0,0.013326483008276001,0.02059503406884948,0,0,0.047781988849505512,0.005290899353583736,0,0,0.10275601690215053,0.015875781990776126,0,0,0.031013124193887735,0.026050172352137562,0,0,0.0075026648137603092,0.094375231511386701
0,0,0.17839301535004062,0.042417960609259855,0,0,0.13504145797524642,0.020038258549244164,0,0,0.025371456926381562,0.015006756562792748,0,0,0.025694805826618365,0.062475591907638545,0,0,0.054355873451500905,0.05311639401472739,0,0,0.086690875535180942,0.13584782960685765,0,0,0.018882165468021087,0.037616460856033165,0,0,0.021776704007700199,0.029981827547517482,0,0,0.04016275054941533,0.010854010142957919,0,0,0.051384012690688326,0.023180781013951119,0,0,0.0250997028843447,0.0188179768922597,0,0,0.023056070090986421,0.032608273938940072,0,0,0.063046435111245622,0.014990026284671198,0,0,0.012751120743088339,0.031177173058445907,0,0,0.040559949117781859,0.037233576599827505,0,0,0.016981765626703272,0.11037807593238806
0,0,0.22522675711762874,0.0091059256903943328,0,0,0.17038184955663035,0.0055761897679615117,0,0,0.042869124609584926,0.0045188560899047901,0,0,0.039524290435940808,0.0036071408630637073,0,0,0.088175708260111271,0.070141638559792274,0,0,0.013645531880633522,0.0074360000318923411,0,0,0.034990302764685843,0.049607514452042402,0,0,0.0074055946784741264,0.0064824584119449547,0,0,0.070509042806393613,0.010383668999046624,0,0,0.077150067720987647,0.0060750587122133876,0,0,0.03920141078537704,0.0042933209922811416,0,0,0.037172908536486644,0.0055596040608340063,0,0,0.091970594043080181,0.029343846018567998,0,0,0.029212504754068381,0.04363129142084031,0,0,0.058690836080982925,0.052733995105037831,0,0,0.031375344072357245,0.12749798374232313
0,0,0.0071124075473196031,0.01290674635877293,0,0,0.0051430205345636432,0.0081414080268141387,0,0,0.056928653106990149,0.010543234184285212,0,0,0.0502436345618162,0.007853151451716724,0,0,0.11680250241091004,0.091527066382489766,0,0,0.024827384254702427,0.016617462343678481,0,0,0.060114763229708074,0.070868726729127557,0,0,0.019834175251652552,0.018895559242309866,0,0,0.0098502292916210817,0.016135297058273289,0,0,0.062184038246723659,0.011781364978794522,0,0,0.05436315578518898,0.01121324562630235,0,0,0.053341176024177595,0.014173112893554583,0,0,0.1285522495487243,0.055059316710711965,0,0,0.051084370565958596,0.064324440863274157,0,0,0.093060084447495445,0.084223432729488013,0,0,0.05788135008765611,0.1556814546882668
0,0,0.01368893394105148,0.01733961568067844,0,0,0.010584433553584223,0.010726126159886639,0,0,0.074980138806402891,0.019141121392066085,0,0,0.0069638685958309928,0.011166909136684052,0,0,0.012302093912750427,0.007806518004782899,0,0,0.033582966271826435,0.020890606742219812,0,0,0.089957757853452947,0.088946796956980156,0,0,0.032177194499616361,0.0049335163996817857,0,0,0.028259790398631249,0.024475377063258003,0,0,0.079000249302082395,0.013093864382521157,0,0,0.084739950298744052,0.022952592456782751,0,0,0.075084628849157259,0.021787603879632463,0,0,0.16695683681442866,0.078349405252171378,0,0,0.07846261602021018,0.0072455651420921495,0,0,0.15132661119729518,0.11504198343553301,0,0,0.088349416598356323,0.0087126058086658686
0,0,0.025091144727693266,0.025128408770636105,0,0,0.02045917790398892,0.0156554693122757,0,0,0.1029323304976016,0.036554849810786001,0,0,0.017976314148892461,0.017365000897922866,0,0,0.023166245923778157,0.01956327092924184,0,0,0.04380443277816562,0.02885102394710639,0,0,0.12303319864786835,0.12133128160461273,0,0,0.05091868264798674,0.015825611356621208,0,0,0.043969369938029801,0.037354514506734604,0,0,0.091617922259766768,0.020820626384807066,0,0,0.11583692651276725,0.044525740205767848,0,0,0.015855813248860477,0.030642774480953545,0,0,0.0098775802754651528,0.068684148145927548,0,0,0.010419929685641909,0.015560255422621296,0,0,0.028625103917241171,0.14882854942606474,0,0,0.10828197618683542,0.023309629648910708
0,0,0.034415751077592094,0.0085608817351536942,0,0,0.031788938673784552,0.023760784856082594,0,0,0.0049967312798498247,0.048694439705280437,0,0,0.025057453722749309,0.026744647598686784,0,0,0.034381784646065672,0.035645993714204752,0,0,0.055629321268020906,0.042905860589204002,0,0,0.0074313453771304586,0.11311516484696678,0,0,0.0094061946608245336,0.030045040161782142,0,0,0.060413714921332448,0.055684052491086343,0,0,0.11119167936019411,0.012115829979199674,0,0,0.0095035950122655775,0.069270563476144686,0,0,0.031727555683025779,0.047455074911284909,0,0,0.024506222517396908,0.098281829207064367,0,0,0.02923751625024204,0.031874231382776785,0,0,0.01560640326503409,0.1897405931724071,0,0,0.12929265901554449,0.050607210684976735
0,0,0.043363494678061262,0.0193440806973873,0,0,0.042777142001415601,0.033335748018910594,0,0,0.014569297673913892,0.071411297694811249,0,0,0.038184158351377839,0.045192828582482539,0,0,0.046685693006810081,0.0085954585578273349,0,0,0.070470259900397791,0.0071623433977660725,0,0,0.021753952130434507,0.13777444731255278,0,0,0.02775508929877497,0.050926074412308849,0,0,0.0067875583214374669,0.066904674481068779,0,0,0.0074705152648883427,0.021104147726921988,0,0,0.021305833578550853,0.097148596409463328,0,0,0.050273214449873808,0.072045237773390114,0,0,0.035293517491598148,0.0085858662437761947,0,0,0.045652798339652648,0.00690431751571973,0,0,0.035419826599598456,0.10336943366505742,0,0,0.1589124928654258,0.081755642472761181
0,0,0.055962106126216382,0.006144969431436745,0,0,0.064067374211693798,0.045609487630839766,0,0,0.024042290779586813,0.0031012988457339431,0,0,0.058532274673681856,0.057850143500705671,0,0,0.064349296299462067,0.013734255720171857,0,0,0.098805339797004052,0.018723258196849918,0,0,0.03338031826963616,0.0039064613178593933,0,0,0.060764512543010747,0.071058970194159979,0,0,0.019253942648775859,0.076094173842961896,0,0,0.02316997475259067,0.033699679831524117,0,0,0.031541250457152552,0.0050937380804374245,0,0,0.076146259644713346,0.015605963059729376,0,0,0.053653052903587503,0.016993201386829766,0,0,0.075419250785049588,0.020169158486065882,0,0,0.052868459306001474,0.0063474907519375234,0,0,0.20441403142795034,0.10916801708855081
0,0,0.078810852414033822,0.019570582880725423,0,0,0.095399827939104245,0.068496252881817779,0,0,0.03628401097422377,0.010034390858608348,0,0,0.021530953665302298,0.077105572638459935,0,0,0.089814434737591903,0.024828997811820817,0,0,0.13412046332099692,0.039084371613804014,0,0,0.04851986295121969,0.01076747139355827,0,0,0.086323479878496923,0.089932593825145998,0,0,0.038532530481437954,0.090815204616413514,0,0,0.042493103759641694,0.050738815993819096,0,0,0.043949228716494586,0.012357218041116684,0,0,0.092896462576736699,0.027647431432159589,0,0,0.069370583955857587,0.027737280427078133,0,0,0.012781504277008441,0.031120430416067314,0,0,0.0068268984432788412,0.0099710663623018003,0,0,0.0084969563173737505,0.0058597798915001756
0,0,0.011554562986344521,0.030285023317867584,0,0,0.015224276765270489,0.052342398119801209,0,0,0.0068617074713724288,0.014703421970498877,0,0,0.010516734698778179,0.0043805239850039203,0,0,0.12095173564981128,0.0089092450558506727,0,0,0.16714340142096598,0.010598386935593718,0,0,0.066462597107017893,0.0033278373124899399,0,0,0.10972064398969414,0.0040605923545133007,0,0,0.064131844993220555,0.11481872889307672,0,0,0.070320936280343388,0.073517314443163242,0,0,0.061271588658488432,0.022731533786018644,0,0,0.11515837780448589,0.039215387659791871,0,0,0.098638802542491036,0.043239805156732772,0,0,0.039017360967913257,0.044742958383382818,0,0,0.019781477899981519,0.014786768016235836,0,0,0.02497877126042786,0.011632186096424876
0,0,0.02506281383904926,0.042416119364253171,0,0,0.036688484671778515,0.069038029359525604,0,0,0.012588019880212988,0.020012220085856878,0,0,0.016147439795775449,0.0095207281725206306,0,0,0.1658328372263779,0.025284940815902546,0,0,0.21266187969594103,0.030179377924972231,0,0,0.082760441559455278,0.0095523221914456426,0,0,0.011292274442634986,0.0092794619834079915,0,0,0.0098465608147342999,0.0097973634819506737,0,0,0.083531553679506515,0.097135847840893477,0,0,0.0032818592127674437,0.028469879607161817,0,0,0.0058201791304643502,0.049708352439433938,0,0,0.13202933372386963,0.062155111880380635,0,0,0.078504708768706424,0.06967247116233713,0,0,0.0089638806646885096,0.021895180618124975,0,0,0.034843772369082593,0.020272491199355848
0,0,0.038926008170866958,0.057377136632345033,0,0,0.072189251913189367,0.099450736203608725,0,0,0.022281018854529901,0.029409776195359977,0,0,0.029160990463435794,0.022111157775834552,0,0,0.015685417053271245,0.0099047069719642652,0,0,0.2443773462672183,0.026427804314897385,0,0,0.09634975487666704,0.01803950269366893,0,0,0.031703408258003378,0.018985701250339833,0,0,0.018281079578395958,0.025108273419878247,0,0,0.11182227969439865,0.12789912883175283,0,0,0.0090063584524036726,0.037548529988158712,0,0,0.017162814176433554,0.066004380352787856,0,0,0.0078331898351180415,0.074135634157149397,0,0,0.019774933915256521,0.015368223048388363,0,0,0.017457357409420272,0.031323438247764741,0,0,0.04751798724967933,0.029895445759559883
0,0,0.052028317029377602,0.073417445465728745,0,0,0.0078963583083692269,0.010577967542659782,0,0,0.0099491246240027663,0.041702036675643539,0,0,0.0053971231931321919,0.0071898749400890281,0,0,0.027529907928560207,0.022797559970034152,0,0,0.0067249421152255698,0.03521950297953854,0,0,0.1112301622514844,0.031419066011009238,0,0,0.043301078912463188,0.028922497086988953,0,0,0.034848902582750578,0.053310619242459549,0,0,0.14197829887512864,0.16446669334184649,0,0,0.01925738959187262,0.056825047109209034,0,0,0.03474417072626703,0.09043382601650421,0,0,0.020914726625668907,0.094039310515610583,0,0,0.035692887485286311,0.036885408791595117,0,0,0.033483238748188496,0.05117919915484033,0,0,0.064541990818983555,0.049319307332343292
0,0,0.0023158314743659202,0.0035984160677335008,0,0,0.014883632850059076,0.021618614505590571,0,0,0.019158343742382913,0.05538071695725609,0,0,0.015861491911475945,0.02094400776880562,0,0,0.0035189452115860212,0.0036357359064505402,0,0,0.014882882422856129,0.047772460749822422,0,0,0.13014403944357331,0.049382810082587082,0,0,0.063856654478437469,0.04628919755873892,0,0,0.0046341695033123281,0.0087099056054366856,0,0,0.09637703317128514,0.19957331476293003,0,0,0.034162772059242216,0.081304763907799157,0,0,0.061438258625758482,0.13142760599533873,0,0,0.0046887552141047896,0.0057578792797249138,0,0,0.055172064899157013,0.059482939382118696,0,0,0.054457856429966318,0.071642447578115248,0,0,0.093010191870624426,0.023721168114545527
0,0,0.007297618002516746,0.010523351792291698,0,0,0.023145511843818824,0.034393769201232126,0,0,0.03680219224378032,0.073965473308804999,0,0,0.029041340423619368,0.039068681833967604,0,0,0.0074770142563668146,0.0074817318273335204,0,0,0.0026164664966387397,0.0027543704159778818,0,0,0.14945973570303239,0.069311467831595572,0,0,0.0064775496545775857,0.0061165389810888858,0,0,0.0138204342056664,0.021892459029230794,0,0,0.11071601180786741,0.23953360853361927,0,0,0.056237289726068833,0.025337617742456013,0,0,0.094951959039539527,0.18147427522020984,0,0,0.010691275115217136,0.013423902971007682,0,0,0.0048259753264235311,0.0067952384166913614,0,0,0.07710579710052673,0.09560725717068122,0,0,0.010065629938272026,0.013269839168724828
0,0,0.014250198786678204,0.019044134917774388,0,0,0.033463657532442556,0.045174870018513141,0,0,0.014187648280803393,0.10062196986739538,0,0,0.014032641461775857,0.066307101768876817,0,0,0.014945732657578059,0.013949263121499505,0,0,0.0067593985542410513,0.0060774874020706983,0,0,0.1703477133732185,0.10142745662119501,0,0,0.017634711949700867,0.018579736552646473,0,0,0.023146744627651643,0.032223312885154232,0,0,0.13052311199699512,0.017674898760293097,0,0,0.012419657325413308,0.025352390724936717,0,0,0.10932269557909285,0.22413246136117324,0,0,0.017883650777127749,0.0217554804032523,0,0,0.011247055689764108,0.011489932922283366,0,0,0.015041738516080384,0.12239603330366901,0,0,0.023225625997563351,0.033551634445192956
0,0,0.020188537881601059,0.035315053919430635,0,0,0.042644629097948826,0.066502668300780762,0,0,0.0034468952842205405,0.14016124573137209,0,0,0.004671043793262445,0.10866727033296054,0,0,0.019103591269251392,0.026054459775754723,0,0,0.0098413155984311169,0.013887111676292611,0,0,0.0028739328745845069,0.13566187238894001,0,0,0.0019357425438578069,0.037349301465689863,0,0,0.0042384924165982654,0.047820936644420733,0,0,0.052227747452184475,0.042285169655847762,0,0,0.0026303144871515573,0.06661749974246646,0,0,0.0068269332806872186,0.26891388469318339,0,0,0.02261382334362564,0.036859490303231449,0,0,0.01550949076104877,0.021926253348628379,0,0,0.003210186443761121,0.16187830594543229,0,0,0.0028554115582309259,0.06451131871555206
0,0,0.027337749336675456,0.016210073032597319,0,0,0.055369067088157801,0.092659175843869457,0,0,0.0084919451519952418,0.12199900680777101,0,0,0.012133856803269867,0.14245128882298966,0,0,0.024063697295399627,0.038440751697749971,0,0,0.015737350415308268,0.027051118891227976,0,0,0.0062685429709959956,0.018967231312765238,0,0,0.0052456274486341794,0.060095470707932898,0,0,0.011951060972591274,0.070685779789601833,0,0,0.063696062066670889,0.067328684620196463,0,0,0.0078495042720031806,0.10264279188593019,0,0,0.013347353766969583,0.024182719969965894,0,0,0.030744015947280271,0.060184156520977361,0,0,0.023957021904455349,0.039096766203383454,0,0,0.0089175534672347404,0.19633780598388417,0,0,0.0072079325819508879,0.091922046361142151
0,0,0.031745656752077751,0.0050449734807144191,0,0,0.07566446218971995,0.12955473410097845,0,0,0.0023412362929667242,0.0095763396928479107,0,0,0.024260518166612129,0.18543394253391582,0,0,0.0016171786849838439,0.0035471497141028067,0,0,0.023889223222806663,0.046628224839941272,0,0,0.0015688500613595798,0.010842151514348659,0,0,0.010994291617290982,0.0935373654577904,0,0,0.0032153784255682331,0.0073839818050175088,0,0,0.081644921984335178,0.1007885563712158,0,0,0.0032343974484073676,0.054331466996755687,0,0,0.024481626077057755,0.061743400745576674,0,0,0.002615232992551798,0.0086393546468117016,0,0,0.034005121346017825,0.064382136564344439,0,0,0.0035720879266961142,0.22017612854426702,0,0,0.015754124014086511,0.14116433931896805
0,0,0.039540494898724118,0.0050518012968334049,0,0,0.10133259755018066,0.15551879262995955,0,0,0.0056521964196428534,0.0051325037171805242,0,0,0.037878553894304431,0.037247006713129201,0,0,0.0045340979431362756,0.0041936748842970155,0,0,0.035224691821569919,0.015411056550464796,0,0,0.0049721770903579385,0.011398498471256187,0,0,0.023045470374781097,0.12787717416950081,0,0,0.008055250980473402,0.0051650486138027068,0,0,0.10475076097914578,0.019375617472455448,0,0,0.0088761727313639086,0.010864969611392038,0,0,0.042198366967075691,0.093761734647915485,0,0,0.0076056764407974016,0.0068597882087518096,0,0,0.050059677608808348,0.015823267550796931,0,0,0.011892763250418993,0.24924103130801081,0,0,0.034992731910145944,0.19981894329211186
0,0,0.048980818738997838,0.0094745052038345962,0,0,0.12907297799031536,0.011296956136242603,0,0,0.012688235691048322,0.013306052431959807,0,0,0.057460521234756076,0.060730804475321865,0,0,0.01006488206024112,0.00913540038679987,0,0,0.048338744910673082,0.0093913722370288812,0,0,0.011790921345515622,0.030816758581949464,0,0,0.013183385130505484,0.1568257169152999,0,0,0.017574800621694506,0.012997190736869021,0,0,0.12955716722820446,0.034831597481995012,0,0,0.017948878267054665,0.030232622013988863,0,0,0.018072940603486853,0.12389512379648189,0,0,0.015331206143421467,0.017271675722280097,0,0,0.013688181758809504,0.028317011451817618,0,0,0.025593614396674694,0.27636846654831138,0,0,0.050601986364090058,0.035726211715266042
0,0,0.069124815547080817,0.01846407056696352,0,0,0.16816803696016064,0.022297654837899097,0,0,0.023763656567889663,0.022504418186611364,0,0,0.074484462888491546,0.0056166939248190667,0,0,0.02004874474676973,0.017934403017251827,0,0,0.067592974100583889,0.017621707910456107,0,0,0.0085608712700183474,0.041977324076490977,0,0,0.025527596345296538,0.005720532309234797,0,0,0.03701898256662195,0.026967120334629946,0,0,0.16695337435383301,0.050808902060904985,0,0,0.033310849959447088,0.047895172782700439,0,0,0.038820858856729257,0.00916703077856236,0,0,0.028616569724873069,0.033426638083557357,0,0,0.035067360300579949,0.043272126231994786,0,0,0.044742105747570933,0.20470061628724912,0,0,0.068773456441354186,0.013108383193227232
0,0,0.092650223595271294,0.027876040950155875,0,0,0.21951751528405017,0.013971570573093908,0,0,0.037488478085772672,0.031132621340173909,0,0,0.10365050928220094,0.013890463052889808,0,0,0.029280233357992753,0.027067512439729432,0,0,0.017185342429362219,0.028062019450022062,0,0,0.018006760298164004,0.055137206366104662,0,0,0.041094176382586285,0.014981098898788538,0,0,0.0096704043723688307,0.0061679691361916558,0,0,0.21477522494559995,0.071211956836974732,0,0,0.0054680180838699724,0.0059802153405871215,0,0,0.019137531914185425,0.018153150828530005,0,0,0.0061914189081926189,0.0076843560305349546,0,0,0.062230801967867656,0.060043588316549656,0,0,0.0081499285973091647,0.10503988339651947,0,0,0.090916743577920456,0.027482824896020708
0,0,0.13339988800255401,0.048731162389071811,0,0,0.26721204114682762,0.037182237846859444,0,0,0.064103827229576485,0.049131977680554377,0,0,0.13719757911010658,0.027533399943735964,0,0,0.045203827269529866,0.040911567084428009,0,0,0.032234031607765466,0.010176609796364497,0,0,0.031889593954286234,0.071888158565353258,0,0,0.0077721821165331779,0.006519262232879173,0,0,0.01896944888348305,0.01694920758774332,0,0,0.02552838251261802,0.0890930451703877,0,0,0.01304233871360237,0.01546265478971624,0,0,0.027879633656151148,0.007908997934515263,0,0,0.012388957884918336,0.019900061103849051,0,0,0.0064288228901952255,0.07321514706871747,0,0,0.015556772763013605,0.12000563316176287,0,0,0.0037313794988570459,0.006943778401221689
0,0,0.18789994682825431,0.077152817520646219,0,0,0.35216629096798585,0.080034837351968632,0,0,0.0073505950824093048,0.0015780153425399492,0,0,0.15172322034122987,0.0054725705622156954,0,0,0.066966660509642797,0.055292540087663961,0,0,0.058412448528829444,0.027007398864818951,0,0,0.0014104359844870661,0.00049777724482233041,0,0,0.0036530712905925578,0.0013400444093306485,0,0,0.032646351346683228,0.029440733663094177,0,0,0.055498540343421124,0.11813585450592501,0,0,0.00073653338555640716,0.00028264328198624133,0,0,0.0041217573869888387,0.0023766545039427835,0,0,0.018651318200237993,0.028413623523597904,0,0,0.01741512122940576,0.090568588872603356,0,0,0.00023074031866347541,0.00012171431771997279,0,0,0.00098490457200449064,0.0008091550530636869
0,0,0.24776745664867264,0.020959011750342104,0,0,0.37468329532872996,0.12303378520249378,0,0,0.010240219023012087,0.002496991549304127,0,0,0.0034606144592813021,0.0073447976873771094,0,0,0.01815038677039222,0.072399886502952551,0,0,0.094733271962593499,0.051717761189029238,0,0,0.0022560791284421651,0.00099857734856238019,0,0,0.0050144305308278351,0.0020503223754676863,0,0,0.05541861653118655,0.041524354647360436,0,0,0.090446236227633439,0.01703078020703817,0,0,0.0016988212645926589,0.00068629666131435601,0,0,0.0054120299004279315,0.0033713522825970185,0,0,0.02871745282963744,0.041342324947527404,0,0,0.036050023216754719,0.10979952170291711,0,0,0.00058942007125942241,0.00045279835260560793,0,0,0.0017706051575299025,0.0017610670680410108
0,0,0.32553334530661465,0.022365922936147989,0,0,0.49578043658312504,0.18331906252874403,0,0,0.015964768802441784,0.0043057446245006129,0,0,0.011812878291729325,0.011876660410102234,0,0,0.019655874098448444,0.075742778029552274,0,0,0.14406232227511423,0.079645826208189635,0,0,0.0036656407640320902,0.0017257617384665994,0,0,0.0083999835643047069,0.0033149952602210572,0,0,0.0011100838122257625,0.00025345312395291027,0,0,0.0022675322248730868,0.00099805298024499838,0,0,0.0024860960689710907,0.00097593110241633949,0,0,0.0076632178446664765,0.0046926123782032453,0,0,0.00019790892356399623,0.00019406052580558497,0,0,0.00064238449279131044,0.00040565776166550749,0,0,0.00062081145091709758,0.00047617765072843559,0,0,0.0025996247410673642,0.0024613959199249486
0,0,0.38487222896066936,0.068291008327983307,0,0,0.13794933995105588,0.23680358711556646,0,0,0.025629750312005657,0.0079908219552608864,0,0,0.020543828249652042,0.01934633899173837,0,0,0.05847405789660589,0.10490592020686006,0,0,0.19162981236328208,0.12271776835943855,0,0,0.0071206503989677461,0.0041718630312137777,0,0,0.013493270977232201,0.0068952830646842886,0,0,0.0035104845916556649,0.0010508315433921621,0,0,0.0046138892659096939,0.0028912911899692424,0,0,0.0038967360876666548,0.0015928664624309701,0,0,0.0092865165564060496,0.0058892455519150722,0,0,0.00095612825575432808,0.00072542320016161926,0,0,0.0022109759686171145,0.0014293967930255308,0,0,0.0010216744809379075,0.00083791245383493633,0,0,0.0034535560562387658,0.0033470320701675131
0,0,0.1680149350513129,0.029056799648602999,0,0,0.043626709308776254,0.28984090145568336,0,0,0.035281486423759049,0.013505029597932275,0,0,0.031752226465718049,0.031623056539573945,0,0,0.10154998760290888,0.14188996542441379,0,0,0.25045691719822832,0.19897638914523683,0,0,0.013691674254598924,0.0089048195087233339,0,0,0.025069938234274631,0.015129481111505548,0,0,0.005907707062206064,0.0022873612024060948,0,0,0.0076806286747501595,0.0066022379097632998,0,0,0.0047368070934722638,0.002135770911165492,0,0,0.011071054851634286,0.008169110066231975,0,0,0.002263538352111974,0.0017536185861164652,0,0,0.0053149647586195397,0.0034219444885782804,0,0,0.0017681843698452255,0.0012991734477569368,0,0,0.0048553016571506848,0.0043386811569702654
0,0,0.012728923452612428,0.041717205892944038,0,0,0.069609453489312093,0.016500584531925853,0,0,0.043847737239131192,0.020225289210218423,0,0,0.047825992888934118,0.042935754205012833,0,0,0.15618469713321192,0.19446488847134802,0,0,0.32367490801236759,0.27484108074793778,0,0,0.026990644844286857,0.01896865001267313,0,0,0.046152588355988629,0.031498170396477503,0,0,0.007972541238995089,0.0039609017754744843,0,0,0.01167990469729651,0.0093888416084144354,0,0,0.0061635459050142592,0.0030904873273913972,0,0,0.014160833433025646,0.0010462255384280723,0,0,0.0050382216450290127,0.0044068411656409739,0,0,0.011612438742055363,0.0082362735213844188,0,0,0.0031510072571807215,0.0022846781773074231,0,0,0.0075557872909915481,0.0064997468150854495
0,0,0.02670220302306248,0.053709951031413176,0,0,0.11539191062730234,0.042643482740522994,0,0,0.058317280930723595,0.029157726460847504,0,0,0.075807472590540048,0.062382771245490264,0,0,0.013446307014748912,0.009867902774761789,0,0,0.39284913315428127,0.22118962277628326,0,0,0.040939300429517669,0.028121616017230327,0,0,0.086654401174932116,0.057243696495971684,0,0,0.010864934188517932,0.0061335716421356606,0,0,0.018793452981124462,0.013670441267973808,0,0,0.0082633231080504639,0.0046067612926008394,0,0,0.01908519058350799,0.003493360244490081,0,0,0.0015044839903410655,0.0010062509242004284,0,0,0.022507699905467478,0.014996556024259559,0,0,0.0047783992598662327,0.0033728195905382307,0,0,0.013232766657336073,0.0095097212065685163
0,0,0.044077916918260268,0.071163758757733495,0,0,0.15193880377585559,0.08566081838713456,0,0,0.075115478607630806,0.010649049494867731,0,0,0.056842779577487415,0.088525380828289035,0,0,0.025056974047078642,0.025872612393302068,0,0,0.032308468159666974,0.26550137210975827,0,0,0.059091386422450855,0.041181474901351697,0,0,0.11997728445105113,0.095170092950951121,0,0,0.014791697564060902,0.0093767901344592192,0,0,0.028129365913692445,0.021766365058232415,0,0,0.01248505414673612,0.0065300141388619382,0,0,0.02675144044469948,0.0080760225855737427,0,0,0.0036752840642419499,0.0029172693655904378,0,0,0.030779628215021348,0.025055574086432813,0,0,0.0076419979578607831,0.0054923837960295201,0,0,0.021098397403158078,0.01629849349679267
0,0,0.077119636600963326,0.095698515666104531,0,0,0.19714145510202058,0.1146277369830014,0,0,0.10622637056369613,0.02354251040373001,0,0,0.096480314050143456,0.011432456219192545,0,0,0.042068376996789218,0.037538391388869698,0,0,0.021431214329670122,0.010399451492590077,0,0,0.085374297251895742,0.054251334276410865,0,0,0.14073010421532248,0.009624050163897193,0,0,0.024344121206233266,0.015738443477078552,0,0,0.046026656937293346,0.033444353727576738,0,0,0.021061795453249089,0.010423692470834734,0,0,0.041657778493539639,0.013753230239099986,0,0,0.0085595987781178062,0.0063045570416047575,0,0,0.041961457425511994,0.032095597020208588,0,0,0.013393043669085877,0.0092312696512889831,0,0,0.033440877717687993,0.022312030862476233
0,0,0.11790334608461429,0.13074598289411959,0,0,0.061685724854705692,0.14250911565965985,0,0,0.13602947945180338,0.042824065319256151,0,0,0.013570065658681421,0.024812852828128333,0,0,0.067314668264435218,0.054484150381254495,0,0,0.036414639608645182,0.024487107696293735,0,0,0.11016470517033289,0.0094967506546036976,0,0,0.0094533019890451798,0.015569668350657552,0,0,0.038739533920561751,0.029575845034536623,0,0,0.012389802268259963,0.049673705103909657,0,0,0.035093629682365762,0.018983809272764208,0,0,0.052840179451760824,0.022923763980837304,0,0,0.018010308104376812,0.014106753132268855,0,0,0.055526096052917924,0.043983695712016248,0,0,0.023810586597993344,0.014591170699455218,0,0,0.044442529460066382,0.029315956436125442
0,0,0.14781000172256045,0.014321864073398189,0,0,0.088465232551746611,0.08329613945839133,0,0,0.019341669884773809,0.056053427222356587,0,0,0.025865076816160782,0.038013365702689102,0,0,0.10087013914637649,0.0097205919475753001,0,0,0.062129149227031943,0.039491332658704151,0,0,0.13562355892620345,0.021006600959567259,0,0,0.025319175675267157,0.026030109500321204,0,0,0.058004880538052243,0.041047151490885669,0,0,0.025805064896823462,0.0096709522764653055,0,0,0.048458422042317983,0.028042867916680581,0,0,0.007687583013904555,0.031116320061711174,0,0,0.037096088566154366,0.024523091816608902,0,0,0.075096179349810235,0.057546258694130076,0,0,0.041778025244861204,0.023106250024373418,0,0,0.058597969827127803,0.040280664307975014
0,0,0.1952653194592093,0.003394075921466482,0,0,0.11403561562637742,0.0010160530302831302,0,0,0.048635012410039029,0.0030468017849691431,0,0,0.039614727529864925,0.001010820716847192,0,0,0.15193986599850245,0.016147178019152397,0,0,0.020186354513491479,0.0013118140590915957,0,0,0.17720046962023875,0.027316840445014496,0,0,0.044134825160558062,0.0019448211899742592,0,0,0.088651142417763881,0.0036907302157253869,0,0,0.044451825885915876,0.0011837952207391254,0,0,0.070138907239888734,0.032456460072525034,0,0,0.018100380993284558,0.0017052544386781711,0,0,0.070736291360003367,0.030857024956968404,0,0,0.09980816550886229,0.0027872760951918639,0,0,0.072469195331804792,0.0059306560377897291,0,0,0.081484932123889575,0.024257137189584846
0,0,0.025440652516770305,0.0021221869625392261,0,0,0.14173107193793488,0.002810097626555666,0,0,0.065589268099570552,0.0060555768088889038,0,0,0.061560523311285482,0.0029258493414399235,0,0,0.18443861320934724,0.02161364126990143,0,0,0.053514053953606096,0.004068178421365992,0,0,0.015774698645124888,0.020542871310617283,0,0,0.065405368972213537,0.0048587348010875513,0,0,0.1225101396964417,0.0032942771470726951,0,0,0.075436464490002311,0.0033305326021551948,0,0,0.094163712988325238,0.037911313423327674,0,0,0.039649966898910226,0.005204984119268603,0,0,0.11074361346244044,0.0039852882544696936,0,0,0.14026613543736072,0.0062484896620840112,0,0,0.017830016532798452,0.010584382982040168,0,0,0.10927247775180106,0.030009906523832123
0,0,0.0057232659597380433,0.0042691097779911542,0,0,0.011752724294028433,0.0036899565700851617,0,0,0.008754162414028167,0.0094286855709546161,0,0,0.076907726265136353,0.0060180121754423565,0,0,0.01084926414315099,0.025677685550779341,0,0,0.076589457710332903,0.0082732649403570863,0,0,0.027833785081069842,0.025275702657419883,0,0,0.093771835036988396,0.011093251594276274,0,0,0.1545925688121654,0.0091352391285061847,0,0,0.020363111836145982,0.0059917922478377236,0,0,0.13105219338385904,0.047772957062522728,0,0,0.069687533956515502,0.010657488220841674,0,0,0.15313399547485837,0.0117335080105282,0,0,0.19108411384848456,0.013982735281060832,0,0,0.0501025659781432,0.020277114623120651,0,0,0.15931554823235478,0.041305039885917917
0,0,0.00098326224118741633,0.0058403927959611709,0,0,0.0011050176218562965,0.00084823635423372768,0,0,0.012831923342241942,0.014608670729922401,0,0,0.0073599832673192046,0.0094577827964253073,0,0,0.0037607560926614715,0.031356337951509751,0,0,0.0097589446355855827,0.013258892398987098,0,0,0.042327863507143584,0.03408426157539407,0,0,0.12298926542776027,0.020799922818880913,0,0,0.007435347266696808,0.013030487714198007,0,0,0.03678819251775671,0.010159425030146212,0,0,0.16542413945062459,0.064325920080590238,0,0,0.11035351829271879,0.023231515808088295,0,0,0.013313585691968799,0.020247585694459502,0,0,0.23278343751406161,0.028132736468569012,0,0,0.092204913636377075,0.038451535008492126,0,0,0.23935051685112405,0.064185296982418566
0,0,0.0028727955723525998,0.0082379115798306111,0,0,0.0049769595544790646,0.0034278258703737056,0,0,0.01913821737464869,0.021672193267072939,0,0,0.019941459797445521,0.01631641126791521,0,0,0.010592298801043095,0.03997448082646337,0,0,0.029409938853126316,0.023430105154195576,0,0,0.058680568249322246,0.049859397275369484,0,0,0.15386151544059051,0.038760153731537933,0,0,0.012934408630038629,0.020174713827684411,0,0,0.059830925721646555,0.020267166195303901,0,0,0.010427855918103893,0.079534320357343882,0,0,0.14020827400271374,0.04269874241865549,0,0,0.011841772147320946,0.033285814313278914,0,0,0.2663202476419016,0.053577372731909254,0,0,0.036121043953111061,0.058380843232982947,0,0,0.045461443211476667,0.095055469181466956
0,0,0.0057190720597835353,0.011977663117923969,0,0,0.011537104769153348,0.0078769937867372974,0,0,0.006859411558252604,0.032377473517284018,0,0,0.031472648507570214,0.026556517541718234,0,0,0.018285187475664291,0.0060608860164654684,0,0,0.04422374202710156,0.03342853994787956,0,0,0.072095988379925868,0.0664667733507118,0,0,0.0124234306657077,0.050519731099436541,0,0,0.023735640333176843,0.031400807089326764,0,0,0.093820709179812736,0.034403716216352555,0,0,0.029657871834387006,0.10453919871227582,0,0,0.17749008079457196,0.06655294256053107,0,0,0.029886626891882134,0.047175772903863163,0,0,0.21655003542455192,0.01503433172017859,0,0,0.05902228731230328,0.081894380051140164,0,0,0.02729171406274155,0.015343311880576993
0,0,0.0011027050665236302,0.0019583724727685408,0,0,0.0017102048563589801,0.011970967726387853,0,0,0.019322817533896964,0.051691832675863469,0,0,0.049675620272029562,0.047013847963040777,0,0,0.022922413776210224,0.0055826918385682893,0,0,0.002624626187143013,0.039326374637870053,0,0,0.095012198410144966,0.095568510143103816,0,0,0.027070382668682988,0.073552387263321001,0,0,0.001731549834782324,0.0050042238948541096,0,0,0.0041164560532116956,0.043759536979950726,0,0,0.058886387249011227,0.142811801679321,0,0,0.21194263331428642,0.10865552947443978,0,0,0.0035362218396247178,0.039519299239720238,0,0,0.0029715163461277497,0.023468375309170487,0,0,0.089525454780524094,0.11940858504357227,0,0,0.051242522246300111,0.040333562992487679
